run_index,run_key,category,condition_name,attack,defense,split_name,optimizer_name,protected_attr,seed,stopped_reason,finished_round,total_duration_sec,final_val_accuracy,final_val_demographic_parity_gap,final_val_equalized_odds_gap
55,r055__A1_D1__split_iid__opt_sgd__attr_race_bin__seed_42,attack_defense,A1_D1,A1,D1,iid,sgd,race_bin,42,completed,30,234.2865550518036,0.45457102672292543,0.06384807441006612,0.0801179228654022
56,r056__A1_D1__split_iid__opt_adamw__attr_race_bin__seed_42,attack_defense,A1_D1,A1,D1,iid,adamw,race_bin,42,completed,30,235.38046193122864,0.9291139240506329,0.02049121196673037,0.046194479337778205
57,r057__A1_D1__split_iid__opt_fedprox__attr_race_bin__seed_42,attack_defense,A1_D1,A1,D1,iid,fedprox,race_bin,42,completed,30,245.51975321769714,0.45260196905766525,0.06443618765209524,0.0837784084232297
58,r058__A1_D1__split_dirichlet_0_5__opt_sgd__attr_race_bin__seed_42,attack_defense,A1_D1,A1,D1,dirichlet_0_5,sgd,race_bin,42,completed,30,237.57682347297668,0.45935302390998595,0.06476494020619694,0.08150749723847794
59,r059__A1_D1__split_dirichlet_0_5__opt_adamw__attr_race_bin__seed_42,attack_defense,A1_D1,A1,D1,dirichlet_0_5,adamw,race_bin,42,completed,30,227.56588339805603,0.6736990154711674,0.0021092379124178495,0.006940527391948059
60,r060__A1_D1__split_dirichlet_0_5__opt_fedprox__attr_race_bin__seed_42,attack_defense,A1_D1,A1,D1,dirichlet_0_5,fedprox,race_bin,42,completed,30,280.9189295768738,0.4489451476793249,0.0649342975825522,0.08193347669745477
61,r061__A1_D1__split_strict_non_iid__opt_sgd__attr_race_bin__seed_42,attack_defense,A1_D1,A1,D1,strict_non_iid,sgd,race_bin,42,completed,30,235.08895826339722,0.45541490857946554,0.06261997578842216,0.07279695174974743
62,r062__A1_D1__split_strict_non_iid__opt_adamw__attr_race_bin__seed_42,attack_defense,A1_D1,A1,D1,strict_non_iid,adamw,race_bin,42,completed,30,235.89706707000732,0.5175808720112518,0.0,0.0
63,r063__A1_D1__split_strict_non_iid__opt_fedprox__attr_race_bin__seed_42,attack_defense,A1_D1,A1,D1,strict_non_iid,fedprox,race_bin,42,completed,30,243.32588243484497,0.46160337552742614,0.06466119593102593,0.08014142518038025
64,r064__A1_D2__split_iid__opt_sgd__attr_race_bin__seed_42,attack_defense,A1_D2,A1,D2,iid,sgd,race_bin,42,completed,30,237.65137672424316,0.4571026722925457,0.06330496282382303,0.07875185080730451
65,r065__A1_D2__split_iid__opt_adamw__attr_race_bin__seed_42,attack_defense,A1_D2,A1,D2,iid,adamw,race_bin,42,completed,30,236.4793746471405,0.9308016877637131,0.011482636231348375,0.03727896415112572
66,r066__A1_D2__split_iid__opt_fedprox__attr_race_bin__seed_42,attack_defense,A1_D2,A1,D2,iid,fedprox,race_bin,42,completed,30,278.3666880130768,0.4579465541490858,0.06565054531014047,0.08127100519401165
67,r067__A1_D2__split_dirichlet_0_5__opt_sgd__attr_race_bin__seed_42,attack_defense,A1_D2,A1,D2,dirichlet_0_5,sgd,race_bin,42,completed,30,242.67604970932007,0.4548523206751055,0.06702738986274148,0.07874009964981554
68,r068__A1_D2__split_dirichlet_0_5__opt_adamw__attr_race_bin__seed_42,attack_defense,A1_D2,A1,D2,dirichlet_0_5,adamw,race_bin,42,completed,30,228.29688477516174,0.9127988748241913,0.014001354859010884,0.028962540664154345
69,r069__A1_D2__split_dirichlet_0_5__opt_fedprox__attr_race_bin__seed_42,attack_defense,A1_D2,A1,D2,dirichlet_0_5,fedprox,race_bin,42,completed,30,256.45051550865173,0.4531645569620253,0.0642874417211381,0.08080389668382337
70,r070__A1_D2__split_strict_non_iid__opt_sgd__attr_race_bin__seed_42,attack_defense,A1_D2,A1,D2,strict_non_iid,sgd,race_bin,42,completed,30,247.64453530311584,0.4511954992967651,0.0664530175843111,0.08582457872100402
71,r071__A1_D2__split_strict_non_iid__opt_adamw__attr_race_bin__seed_42,attack_defense,A1_D2,A1,D2,strict_non_iid,adamw,race_bin,42,completed,30,233.96567225456238,0.5175808720112518,0.0,0.0
72,r072__A1_D2__split_strict_non_iid__opt_fedprox__attr_race_bin__seed_42,attack_defense,A1_D2,A1,D2,strict_non_iid,fedprox,race_bin,42,completed,30,262.0744321346283,0.45935302390998595,0.06236748558229399,0.0728087029072364
73,r073__A1_D3__split_iid__opt_sgd__attr_race_bin__seed_42,attack_defense,A1_D3,A1,D3,iid,sgd,race_bin,42,completed,30,248.60723042488098,0.4540084388185654,0.06369932847910886,0.07782938494441705
74,r074__A1_D3__split_iid__opt_adamw__attr_race_bin__seed_42,attack_defense,A1_D3,A1,D3,iid,adamw,race_bin,42,completed,30,257.9448082447052,0.9260196905766526,0.005324623394540207,0.035854250393663745
75,r075__A1_D3__split_iid__opt_fedprox__attr_race_bin__seed_42,attack_defense,A1_D3,A1,D3,iid,fedprox,race_bin,42,completed,30,252.1726462841034,0.4517580872011252,0.06678177013841269,0.08606694634421486
76,r076__A1_D3__split_dirichlet_0_5__opt_sgd__attr_race_bin__seed_42,attack_defense,A1_D3,A1,D3,dirichlet_0_5,sgd,race_bin,42,completed,30,241.44916152954102,0.4489451476793249,0.06253684295864936,0.07575383675292013
77,r077__A1_D3__split_dirichlet_0_5__opt_adamw__attr_race_bin__seed_42,attack_defense,A1_D3,A1,D3,dirichlet_0_5,adamw,race_bin,42,completed,30,262.0965130329132,0.920675105485232,0.036228394052361335,0.07225818919702387
78,r078__A1_D3__split_dirichlet_0_5__opt_fedprox__attr_race_bin__seed_42,attack_defense,A1_D3,A1,D3,dirichlet_0_5,fedprox,race_bin,42,completed,30,246.11624550819397,0.4531645569620253,0.06092124916351882,0.07599032879738654
79,r079__A1_D3__split_strict_non_iid__opt_sgd__attr_race_bin__seed_42,attack_defense,A1_D3,A1,D3,strict_non_iid,sgd,race_bin,42,completed,30,248.70850586891174,0.45260196905766525,0.06561241413615371,0.0798814308209358
80,r080__A1_D3__split_strict_non_iid__opt_adamw__attr_race_bin__seed_42,attack_defense,A1_D3,A1,D3,strict_non_iid,adamw,race_bin,42,completed,30,254.82034349441528,0.5541490857946554,0.03888933165327152,0.0715292956356201
81,r081__A1_D3__split_strict_non_iid__opt_fedprox__attr_race_bin__seed_42,attack_defense,A1_D3,A1,D3,strict_non_iid,fedprox,race_bin,42,completed,30,269.67171931266785,0.4559774964838256,0.06086250654413394,0.07691867023901855
82,r082__A2_D1__split_iid__opt_sgd__attr_race_bin__seed_42,attack_defense,A2_D1,A2,D1,iid,sgd,race_bin,42,completed,30,224.48068714141846,0.4548523206751055,0.06585116337868302,0.08263707725210934
83,r083__A2_D1__split_iid__opt_adamw__attr_race_bin__seed_42,attack_defense,A2_D1,A2,D1,iid,adamw,race_bin,42,completed,30,225.91841912269592,0.9285513361462728,0.011987616643604704,0.03229297516668277
84,r084__A2_D1__split_iid__opt_fedprox__attr_race_bin__seed_42,attack_defense,A2_D1,A2,D1,iid,fedprox,race_bin,42,completed,30,252.9307680130005,0.4559774964838256,0.06360245468573733,0.07714341112599599
85,r085__A2_D1__split_dirichlet_0_5__opt_sgd__attr_race_bin__seed_42,attack_defense,A2_D1,A2,D1,dirichlet_0_5,sgd,race_bin,42,completed,30,217.94273138046265,0.4520393811533052,0.06424244006535196,0.07759289289995064
86,r086__A2_D1__split_dirichlet_0_5__opt_adamw__attr_race_bin__seed_42,attack_defense,A2_D1,A2,D1,dirichlet_0_5,adamw,race_bin,42,completed,30,229.17703413963318,0.8286919831223629,0.022640642197674754,0.028252720392958786
87,r087__A2_D1__split_dirichlet_0_5__opt_fedprox__attr_race_bin__seed_42,attack_defense,A2_D1,A2,D1,dirichlet_0_5,fedprox,race_bin,42,completed,30,244.0397264957428,0.45147679324894513,0.06449493027148023,0.07804237467390529
88,r088__A2_D1__split_strict_non_iid__opt_sgd__attr_race_bin__seed_42,attack_defense,A2_D1,A2,D1,strict_non_iid,sgd,race_bin,42,completed,30,232.2365758419037,0.4551336146272855,0.06819674586500046,0.08423964135467343
89,r089__A2_D1__split_strict_non_iid__opt_adamw__attr_race_bin__seed_42,attack_defense,A2_D1,A2,D1,strict_non_iid,adamw,race_bin,42,completed,30,246.05665278434753,0.5175808720112518,0.0,0.0
90,r090__A2_D1__split_strict_non_iid__opt_fedprox__attr_race_bin__seed_42,attack_defense,A2_D1,A2,D1,strict_non_iid,fedprox,race_bin,42,completed,30,248.24258399009705,0.4520393811533052,0.056022595640541906,0.07188036146560439
91,r091__A2_D2__split_iid__opt_sgd__attr_race_bin__seed_42,attack_defense,A2_D2,A2,D2,iid,sgd,race_bin,42,completed,30,225.7322428226471,0.4537271448663854,0.06351245137416506,0.08331717549178597
92,r092__A2_D2__split_iid__opt_adamw__attr_race_bin__seed_42,attack_defense,A2_D2,A2,D2,iid,adamw,race_bin,42,completed,30,242.02097249031067,0.9383966244725739,0.02435551445480666,0.042619254678390825
93,r093__A2_D2__split_iid__opt_fedprox__attr_race_bin__seed_42,attack_defense,A2_D2,A2,D2,iid,fedprox,race_bin,42,completed,30,236.0433714389801,0.45344585091420536,0.0622843527525212,0.07164386942113798
94,r094__A2_D2__split_dirichlet_0_5__opt_sgd__attr_race_bin__seed_42,attack_defense,A2_D2,A2,D2,dirichlet_0_5,sgd,race_bin,42,completed,30,231.60324883460999,0.45147679324894513,0.05745131233072853,0.07347117441067941
95,r095__A2_D2__split_dirichlet_0_5__opt_adamw__attr_race_bin__seed_42,attack_defense,A2_D2,A2,D2,dirichlet_0_5,adamw,race_bin,42,completed,30,242.03243327140808,0.8790436005625879,0.07146022471971869,0.11611427835217575
96,r096__A2_D2__split_dirichlet_0_5__opt_fedprox__attr_race_bin__seed_42,attack_defense,A2_D2,A2,D2,dirichlet_0_5,fedprox,race_bin,42,completed,30,255.74788737297058,0.4542897327707454,0.06698238820695535,0.08400314931020703
97,r097__A2_D2__split_strict_non_iid__opt_sgd__attr_race_bin__seed_42,attack_defense,A2_D2,A2,D2,strict_non_iid,sgd,race_bin,42,completed,30,238.03223657608032,0.45147679324894513,0.06571615841132472,0.08559983783402669
98,r098__A2_D2__split_strict_non_iid__opt_adamw__attr_race_bin__seed_42,attack_defense,A2_D2,A2,D2,strict_non_iid,adamw,race_bin,42,completed,30,242.7854359149933,0.5175808720112518,0.0,0.0
99,r099__A2_D2__split_strict_non_iid__opt_fedprox__attr_race_bin__seed_42,attack_defense,A2_D2,A2,D2,strict_non_iid,fedprox,race_bin,42,completed,30,246.89994192123413,0.45457102672292543,0.05945440129934554,0.07301581705798021
100,r100__A2_D3__split_iid__opt_sgd__attr_race_bin__seed_42,attack_defense,A2_D3,A2,D3,iid,sgd,race_bin,42,completed,30,256.1393139362335,0.45457102672292543,0.06663302420745554,0.08423964135467343
101,r101__A2_D3__split_iid__opt_adamw__attr_race_bin__seed_42,attack_defense,A2_D3,A2,D3,iid,adamw,race_bin,42,completed,30,252.91302371025085,0.9341772151898734,0.03057226991099976,0.05912970657390408
102,r102__A2_D3__split_iid__opt_fedprox__attr_race_bin__seed_42,attack_defense,A2_D3,A2,D3,iid,fedprox,race_bin,42,completed,30,256.2181406021118,0.45625879043600565,0.06335683496140843,0.07989318197842488
103,r103__A2_D3__split_dirichlet_0_5__opt_sgd__attr_race_bin__seed_42,attack_defense,A2_D3,A2,D3,dirichlet_0_5,sgd,race_bin,42,completed,30,260.7737708091736,0.4548523206751055,0.06223248061493558,0.07645743730757482
104,r104__A2_D3__split_dirichlet_0_5__opt_adamw__attr_race_bin__seed_42,attack_defense,A2_D3,A2,D3,dirichlet_0_5,adamw,race_bin,42,completed,30,255.08622932434082,0.8461322081575247,0.0035726505356915017,0.026287339302921264
105,r105__A2_D3__split_dirichlet_0_5__opt_fedprox__attr_race_bin__seed_42,attack_defense,A2_D3,A2,D3,dirichlet_0_5,fedprox,race_bin,42,completed,30,238.29674196243286,0.4517580872011252,0.06399682034102327,0.07438776469482244
106,r106__A2_D3__split_strict_non_iid__opt_sgd__attr_race_bin__seed_42,attack_defense,A2_D3,A2,D3,strict_non_iid,sgd,race_bin,42,completed,30,234.40674376487732,0.4540084388185654,0.06652927993228452,0.07829061787586078
107,r107__A2_D3__split_strict_non_iid__opt_adamw__attr_race_bin__seed_42,attack_defense,A2_D3,A2,D3,strict_non_iid,adamw,race_bin,42,completed,30,250.22527265548706,0.5144866385372715,0.0043005780823386075,0.005310054290347602
108,r108__A2_D3__split_strict_non_iid__opt_fedprox__attr_race_bin__seed_42,attack_defense,A2_D3,A2,D3,strict_non_iid,fedprox,race_bin,42,completed,30,237.59484457969666,0.44978902953586497,0.06556741248036757,0.08399727373146249
109,r109__A3_D1__split_iid__opt_sgd__attr_race_bin__seed_42,attack_defense,A3_D1,A3,D1,iid,sgd,race_bin,42,completed,30,240.4152295589447,0.4548523206751055,0.06482368282558182,0.08034853933112418
110,r110__A3_D1__split_iid__opt_adamw__attr_race_bin__seed_42,attack_defense,A3_D1,A3,D1,iid,adamw,race_bin,42,completed,30,237.12690114974976,0.9308016877637131,0.03801712398883689,0.06872805746126841
111,r111__A3_D1__split_iid__opt_fedprox__attr_race_bin__seed_42,attack_defense,A3_D1,A3,D1,iid,fedprox,race_bin,42,completed,30,237.630469083786,0.45288326300984527,0.06590303551626864,0.08446438224165076
112,r112__A3_D1__split_dirichlet_0_5__opt_sgd__attr_race_bin__seed_42,attack_defense,A3_D1,A3,D1,dirichlet_0_5,sgd,race_bin,42,completed,30,213.22587156295776,0.45147679324894513,0.06492742710075294,0.0798814308209358
113,r113__A3_D1__split_dirichlet_0_5__opt_adamw__attr_race_bin__seed_42,attack_defense,A3_D1,A3,D1,dirichlet_0_5,adamw,race_bin,42,completed,30,227.07201504707336,0.9156118143459916,0.02245994852635036,0.03796179985183754
114,r114__A3_D1__split_dirichlet_0_5__opt_fedprox__attr_race_bin__seed_42,attack_defense,A3_D1,A3,D1,dirichlet_0_5,fedprox,race_bin,42,completed,30,236.78699827194214,0.45625879043600565,0.062180608477350074,0.07623269642059749
115,r115__A3_D1__split_strict_non_iid__opt_sgd__attr_race_bin__seed_42,attack_defense,A3_D1,A3,D1,strict_non_iid,sgd,race_bin,42,completed,30,214.89355540275574,0.4511954992967651,0.06639427496492611,0.08216996874192106
116,r116__A3_D1__split_strict_non_iid__opt_adamw__attr_race_bin__seed_42,attack_defense,A3_D1,A3,D1,strict_non_iid,adamw,race_bin,42,completed,30,235.12808918952942,0.5175808720112518,0.0,0.0
117,r117__A3_D1__split_strict_non_iid__opt_fedprox__attr_race_bin__seed_42,attack_defense,A3_D1,A3,D1,strict_non_iid,fedprox,race_bin,42,completed,30,246.6253879070282,0.44922644163150494,0.06576116006711086,0.08079214552633429
118,r118__A3_D2__split_iid__opt_sgd__attr_race_bin__seed_42,attack_defense,A3_D2,A3,D2,iid,sgd,race_bin,42,completed,30,230.15273666381836,0.45625879043600565,0.06267184792600766,0.07668805377329668
119,r119__A3_D2__split_iid__opt_adamw__attr_race_bin__seed_42,attack_defense,A3_D2,A3,D2,iid,adamw,race_bin,42,completed,30,257.9893388748169,0.9324894514767933,0.028801059703112752,0.05467194898057783
120,r120__A3_D2__split_iid__opt_fedprox__attr_race_bin__seed_42,attack_defense,A3_D2,A3,D2,iid,fedprox,race_bin,42,completed,30,267.3980770111084,0.45569620253164556,0.06316308737466525,0.07622682084185295
121,r121__A3_D2__split_dirichlet_0_5__opt_sgd__attr_race_bin__seed_42,attack_defense,A3_D2,A3,D2,dirichlet_0_5,sgd,race_bin,42,completed,30,237.63105487823486,0.4568213783403657,0.06492055661895346,0.08493149075183903
122,r122__A3_D2__split_dirichlet_0_5__opt_adamw__attr_race_bin__seed_42,attack_defense,A3_D2,A3,D2,dirichlet_0_5,adamw,race_bin,42,completed,30,232.48099994659424,0.8638537271448664,0.024267915811864216,0.07303931937295827
123,r123__A3_D2__split_dirichlet_0_5__opt_fedprox__attr_race_bin__seed_42,attack_defense,A3_D2,A3,D2,dirichlet_0_5,fedprox,race_bin,42,completed,30,274.2067987918854,0.45288326300984527,0.06268558888960651,0.08102276199205616
124,r124__A3_D2__split_strict_non_iid__opt_sgd__attr_race_bin__seed_42,attack_defense,A3_D2,A3,D2,strict_non_iid,sgd,race_bin,42,completed,30,229.97187662124634,0.4579465541490858,0.0622256101331361,0.07784113610190602
125,r125__A3_D2__split_strict_non_iid__opt_adamw__attr_race_bin__seed_42,attack_defense,A3_D2,A3,D2,strict_non_iid,adamw,race_bin,42,completed,30,234.41731119155884,0.5510548523206751,0.03517755386114206,0.038142171546365185
126,r126__A3_D2__split_strict_non_iid__opt_fedprox__attr_race_bin__seed_42,attack_defense,A3_D2,A3,D2,strict_non_iid,fedprox,race_bin,42,completed,30,278.22202229499817,0.460196905766526,0.06143687882256432,0.07578909022538716
127,r127__A3_D3__split_iid__opt_sgd__attr_race_bin__seed_42,attack_defense,A3_D3,A3,D3,iid,sgd,race_bin,42,completed,30,255.9521243572235,0.4542897327707454,0.06360245468573733,0.07691279466027401
128,r128__A3_D3__split_iid__opt_adamw__attr_race_bin__seed_42,attack_defense,A3_D3,A3,D3,iid,adamw,race_bin,42,completed,30,258.6460144519806,0.9254571026722925,0.030786628943141214,0.0643476020227397
129,r129__A3_D3__split_iid__opt_fedprox__attr_race_bin__seed_42,attack_defense,A3_D3,A3,D3,iid,fedprox,race_bin,42,completed,30,251.70014190673828,0.45344585091420536,0.0630143414437081,0.07622682084185295
130,r130__A3_D3__split_dirichlet_0_5__opt_sgd__attr_race_bin__seed_42,attack_defense,A3_D3,A3,D3,dirichlet_0_5,sgd,race_bin,42,completed,30,251.3856647014618,0.45344585091420536,0.0662905306897551,0.07828474229711624
131,r131__A3_D3__split_dirichlet_0_5__opt_adamw__attr_race_bin__seed_42,attack_defense,A3_D3,A3,D3,dirichlet_0_5,adamw,race_bin,42,completed,30,252.77523493766785,0.7789029535864979,0.033002702847539866,0.08684252273848969
132,r132__A3_D3__split_dirichlet_0_5__opt_fedprox__attr_race_bin__seed_42,attack_defense,A3_D3,A3,D3,dirichlet_0_5,fedprox,race_bin,42,completed,30,259.5143926143646,0.4537271448663854,0.066536150414084,0.08148987050224443
133,r133__A3_D3__split_strict_non_iid__opt_sgd__attr_race_bin__seed_42,attack_defense,A3_D3,A3,D3,strict_non_iid,sgd,race_bin,42,completed,30,271.94884514808655,0.44950773558368495,0.06590303551626864,0.07644568615008573
134,r134__A3_D3__split_strict_non_iid__opt_adamw__attr_race_bin__seed_42,attack_defense,A3_D3,A3,D3,strict_non_iid,adamw,race_bin,42,completed,30,257.3022816181183,0.5175808720112518,0.0,0.0
135,r135__A3_D3__split_strict_non_iid__opt_fedprox__attr_race_bin__seed_42,attack_defense,A3_D3,A3,D3,strict_non_iid,fedprox,race_bin,42,completed,30,275.4269061088562,0.44978902953586497,0.06514865661469371,0.08443500434792828
136,r136__A4_D3__split_iid__opt_sgd__attr_race_bin__seed_42,attack_defense,A4_D3,A4,D3,iid,sgd,race_bin,42,completed,30,255.93143510818481,0.4542897327707454,0.0632599611680369,0.07531023055770991
137,r137__A4_D3__split_iid__opt_adamw__attr_race_bin__seed_42,attack_defense,A4_D3,A4,D3,iid,adamw,race_bin,42,completed,30,250.3016860485077,0.9319268635724332,0.009901394845214906,0.036750732760009015
138,r138__A4_D3__split_iid__opt_fedprox__attr_race_bin__seed_42,attack_defense,A4_D3,A4,D3,iid,fedprox,race_bin,42,completed,30,248.28988456726074,0.45569620253164556,0.061599365717120214,0.07462425673928885
139,r139__A4_D3__split_dirichlet_0_5__opt_sgd__attr_race_bin__seed_42,attack_defense,A4_D3,A4,D3,dirichlet_0_5,sgd,race_bin,42,completed,30,250.76007103919983,0.45935302390998595,0.060803763924748955,0.0712061388046723
140,r140__A4_D3__split_dirichlet_0_5__opt_adamw__attr_race_bin__seed_42,attack_defense,A4_D3,A4,D3,dirichlet_0_5,adamw,race_bin,42,completed,30,245.066308259964,0.8168776371308016,0.01362244778777355,0.047523149780253404
141,r141__A4_D3__split_dirichlet_0_5__opt_fedprox__attr_race_bin__seed_42,attack_defense,A4_D3,A4,D3,dirichlet_0_5,fedprox,race_bin,42,completed,30,260.73284816741943,0.45344585091420536,0.06506930254991061,0.08080389668382337
142,r142__A4_D3__split_strict_non_iid__opt_sgd__attr_race_bin__seed_42,attack_defense,A4_D3,A4,D3,strict_non_iid,sgd,race_bin,42,completed,30,263.7601752281189,0.46047819971870607,0.06407995317079607,0.07761639521492869
143,r143__A4_D3__split_strict_non_iid__opt_adamw__attr_race_bin__seed_42,attack_defense,A4_D3,A4,D3,strict_non_iid,adamw,race_bin,42,completed,30,246.2371325492859,0.6137834036568214,0.2994523538957693,0.4126418952266798
144,r144__A4_D3__split_strict_non_iid__opt_fedprox__attr_race_bin__seed_42,attack_defense,A4_D3,A4,D3,strict_non_iid,fedprox,race_bin,42,completed,30,244.25596714019775,0.4568213783403657,0.057043205711843736,0.0657065970998143
145,r145__A4_D4__split_iid__opt_sgd__attr_race_bin__seed_42,attack_defense,A4_D4,A4,D4,iid,sgd,race_bin,42,completed,30,235.4073610305786,0.45569620253164556,0.06183811495964964,0.07623269642059749
146,r146__A4_D4__split_iid__opt_adamw__attr_race_bin__seed_42,attack_defense,A4_D4,A4,D4,iid,adamw,race_bin,42,completed,30,236.08260202407837,0.9310829817158931,0.025396735971506712,0.05543208683608722
147,r147__A4_D4__split_iid__opt_fedprox__attr_race_bin__seed_42,attack_defense,A4_D4,A4,D4,iid,fedprox,race_bin,42,completed,30,269.18039321899414,0.4559774964838256,0.06169623951049197,0.07393828292086779
148,r148__A4_D4__split_dirichlet_0_5__opt_sgd__attr_race_bin__seed_42,attack_defense,A4_D4,A4,D4,dirichlet_0_5,sgd,race_bin,42,completed,30,224.29208731651306,0.45457102672292543,0.05930565536838839,0.07164386942113798
149,r149__A4_D4__split_dirichlet_0_5__opt_adamw__attr_race_bin__seed_42,attack_defense,A4_D4,A4,D4,dirichlet_0_5,adamw,race_bin,42,completed,30,236.8775668144226,0.9277074542897328,0.00605770380253684,0.04620848903617014
150,r150__A4_D4__split_dirichlet_0_5__opt_fedprox__attr_race_bin__seed_42,attack_defense,A4_D4,A4,D4,dirichlet_0_5,fedprox,race_bin,42,completed,30,280.29502964019775,0.45541490857946554,0.06413869579018094,0.07554084702343189
151,r151__A4_D4__split_strict_non_iid__opt_sgd__attr_race_bin__seed_42,attack_defense,A4_D4,A4,D4,strict_non_iid,sgd,race_bin,42,completed,30,234.61668753623962,0.45879043600562586,0.058406309300846115,0.07166737173611604
152,r152__A4_D4__split_strict_non_iid__opt_adamw__attr_race_bin__seed_42,attack_defense,A4_D4,A4,D4,strict_non_iid,adamw,race_bin,42,completed,30,233.34792232513428,0.7170182841068917,0.17794650917690252,0.18525993560365694
153,r153__A4_D4__split_strict_non_iid__opt_fedprox__attr_race_bin__seed_42,attack_defense,A4_D4,A4,D4,strict_non_iid,fedprox,race_bin,42,completed,30,241.45982885360718,0.4531645569620253,0.06462993523883864,0.08240646078638747
154,r154__A4_D5__split_iid__opt_sgd__attr_race_bin__seed_42,attack_defense,A4_D5,A4,D5,iid,sgd,race_bin,42,completed,30,239.05676555633545,0.45654008438818566,0.06257497413263602,0.07829061787586078
155,r155__A4_D5__split_iid__opt_adamw__attr_race_bin__seed_42,attack_defense,A4_D5,A4,D5,iid,adamw,race_bin,42,completed,30,247.17659282684326,0.9251758087201125,0.00775643042744012,0.040241838821123865
156,r156__A4_D5__split_iid__opt_fedprox__attr_race_bin__seed_42,attack_defense,A4_D5,A4,D5,iid,fedprox,race_bin,42,completed,30,259.70283555984497,0.4571026722925457,0.05998377192198989,0.07027779736304018
157,r157__A4_D5__split_dirichlet_0_5__opt_sgd__attr_race_bin__seed_42,attack_defense,A4_D5,A4,D5,dirichlet_0_5,sgd,race_bin,42,completed,30,231.45148134231567,0.45625879043600565,0.06340183661719456,0.07623269642059749
158,r158__A4_D5__split_dirichlet_0_5__opt_adamw__attr_race_bin__seed_42,attack_defense,A4_D5,A4,D5,dirichlet_0_5,adamw,race_bin,42,completed,30,223.59638166427612,0.8992967651195499,0.0522218451091101,0.09515251070956934
159,r159__A4_D5__split_dirichlet_0_5__opt_fedprox__attr_race_bin__seed_42,attack_defense,A4_D5,A4,D5,dirichlet_0_5,fedprox,race_bin,42,completed,30,269.73353242874146,0.4531645569620253,0.06649114875829787,0.08171461138922187
160,r160__A4_D5__split_strict_non_iid__opt_sgd__attr_race_bin__seed_42,attack_defense,A4_D5,A4,D5,strict_non_iid,sgd,race_bin,42,completed,30,237.15592312812805,0.45232067510548524,0.06200060185420553,0.08445850666290622
161,r161__A4_D5__split_strict_non_iid__opt_adamw__attr_race_bin__seed_42,attack_defense,A4_D5,A4,D5,strict_non_iid,adamw,race_bin,42,completed,30,243.43076276779175,0.49985935302391,0.021514570230751984,0.023126227976938196
162,r162__A4_D5__split_strict_non_iid__opt_fedprox__attr_race_bin__seed_42,attack_defense,A4_D5,A4,D5,strict_non_iid,fedprox,race_bin,42,completed,30,269.6284086704254,0.4520393811533052,0.06668489634504116,0.0826312016733648
163,r163__A5_D3__split_iid__opt_sgd__attr_race_bin__seed_42,attack_defense,A5_D3,A5,D3,iid,sgd,race_bin,42,completed,30,251.76116609573364,0.45457102672292543,0.06419056792776656,0.07920133258125928
164,r164__A5_D3__split_iid__opt_adamw__attr_race_bin__seed_42,attack_defense,A5_D3,A5,D3,iid,adamw,race_bin,42,completed,30,259.2719557285309,0.9344585091420534,0.013319459540419742,0.037916706928205625
165,r165__A5_D3__split_iid__opt_fedprox__attr_race_bin__seed_42,attack_defense,A5_D3,A5,D3,iid,fedprox,race_bin,42,completed,30,249.9777317047119,0.45457102672292543,0.05930565536838839,0.07416302380784512
166,r166__A5_D3__split_dirichlet_0_5__opt_sgd__attr_race_bin__seed_42,attack_defense,A5_D3,A5,D3,dirichlet_0_5,sgd,race_bin,42,completed,30,247.38721561431885,0.4520393811533052,0.0635574530299512,0.07690691908152958
167,r167__A5_D3__split_dirichlet_0_5__opt_adamw__attr_race_bin__seed_42,attack_defense,A5_D3,A5,D3,dirichlet_0_5,adamw,race_bin,42,completed,30,259.76929569244385,0.9257383966244725,0.031554748808314936,0.06647985312590587
168,r168__A5_D3__split_dirichlet_0_5__opt_fedprox__attr_race_bin__seed_42,attack_defense,A5_D3,A5,D3,dirichlet_0_5,fedprox,race_bin,42,completed,30,262.9679012298584,0.45879043600562586,0.06129500337340654,0.07326406025993559
169,r169__A5_D3__split_strict_non_iid__opt_sgd__attr_race_bin__seed_42,attack_defense,A5_D3,A5,D3,strict_non_iid,sgd,race_bin,42,completed,30,267.72652769088745,0.4542897327707454,0.06589616503446916,0.07806000141013891
170,r170__A5_D3__split_strict_non_iid__opt_adamw__attr_race_bin__seed_42,attack_defense,A5_D3,A5,D3,strict_non_iid,adamw,race_bin,42,completed,30,251.83381628990173,0.5170182841068917,0.0006849870354008445,0.0016025641025641025
171,r171__A5_D3__split_strict_non_iid__opt_fedprox__attr_race_bin__seed_42,attack_defense,A5_D3,A5,D3,strict_non_iid,fedprox,race_bin,42,completed,30,262.26833415031433,0.4613220815752461,0.05981441454563441,0.07488425109873331
172,r172__A5_D4__split_iid__opt_sgd__attr_race_bin__seed_42,attack_defense,A5_D4,A5,D4,iid,sgd,race_bin,42,completed,30,245.33565092086792,0.4559774964838256,0.06257497413263602,0.07989318197842488
173,r173__A5_D4__split_iid__opt_adamw__attr_race_bin__seed_42,attack_defense,A5_D4,A5,D4,iid,adamw,race_bin,42,completed,30,245.61357235908508,0.930239099859353,0.020816185755842265,0.04397848423358135
174,r174__A5_D4__split_iid__opt_fedprox__attr_race_bin__seed_42,attack_defense,A5_D4,A5,D4,iid,fedprox,race_bin,42,completed,30,245.45258855819702,0.4542897327707454,0.062484970821063746,0.0794260734682366
175,r175__A5_D4__split_dirichlet_0_5__opt_sgd__attr_race_bin__seed_42,attack_defense,A5_D4,A5,D4,dirichlet_0_5,sgd,race_bin,42,completed,30,229.28628039360046,0.45344585091420536,0.0662905306897551,0.08080389668382337
176,r176__A5_D4__split_dirichlet_0_5__opt_adamw__attr_race_bin__seed_42,attack_defense,A5_D4,A5,D4,dirichlet_0_5,adamw,race_bin,42,completed,30,232.87308406829834,0.9189873417721519,0.039639588265766745,0.06816117499275293
177,r177__A5_D4__split_dirichlet_0_5__opt_fedprox__attr_race_bin__seed_42,attack_defense,A5_D4,A5,D4,dirichlet_0_5,fedprox,race_bin,42,completed,30,253.65674877166748,0.4509142053445851,0.06293120861393531,0.08559983783402669
178,r178__A5_D4__split_strict_non_iid__opt_sgd__attr_race_bin__seed_42,attack_defense,A5_D4,A5,D4,strict_non_iid,sgd,race_bin,42,completed,30,227.1846227645874,0.45260196905766525,0.06121874102543312,0.0803367881736351
179,r179__A5_D4__split_strict_non_iid__opt_adamw__attr_race_bin__seed_42,attack_defense,A5_D4,A5,D4,strict_non_iid,adamw,race_bin,42,completed,30,235.8314709663391,0.4849507735583685,0.20908284564363355,0.25171126230933755
180,r180__A5_D4__split_strict_non_iid__opt_fedprox__attr_race_bin__seed_42,attack_defense,A5_D4,A5,D4,strict_non_iid,fedprox,race_bin,42,completed,30,258.32485938072205,0.4542897327707454,0.06281372337516533,0.07371354203389036
181,r181__A5_D5__split_iid__opt_sgd__attr_race_bin__seed_42,attack_defense,A5_D5,A5,D5,iid,sgd,race_bin,42,completed,30,234.59664845466614,0.45288326300984527,0.06453306144546689,0.08309243460480853
182,r182__A5_D5__split_iid__opt_adamw__attr_race_bin__seed_42,attack_defense,A5_D5,A5,D5,iid,adamw,race_bin,42,completed,30,248.93480110168457,0.9226441631504922,0.007957048495982832,0.03978648146842467
183,r183__A5_D5__split_iid__opt_fedprox__attr_race_bin__seed_42,attack_defense,A5_D5,A5,D5,iid,fedprox,race_bin,42,completed,30,280.7751772403717,0.4548523206751055,0.06360245468573733,0.07782938494441705
184,r184__A5_D5__split_dirichlet_0_5__opt_sgd__attr_race_bin__seed_42,attack_defense,A5_D5,A5,D5,dirichlet_0_5,sgd,race_bin,42,completed,30,251.93398237228394,0.46216596343178623,0.06320121854865202,0.07693042139650752
185,r185__A5_D5__split_dirichlet_0_5__opt_adamw__attr_race_bin__seed_42,attack_defense,A5_D5,A5,D5,dirichlet_0_5,adamw,race_bin,42,completed,30,245.65654754638672,0.6618846694796062,0.04206246367232748,0.09600401889586122
186,r186__A5_D5__split_dirichlet_0_5__opt_fedprox__attr_race_bin__seed_42,attack_defense,A5_D5,A5,D5,dirichlet_0_5,fedprox,race_bin,42,completed,30,268.15006947517395,0.45035161744022506,0.06736988338044192,0.08560571341277112
187,r187__A5_D5__split_strict_non_iid__opt_sgd__attr_race_bin__seed_42,attack_defense,A5_D5,A5,D5,strict_non_iid,sgd,race_bin,42,completed,30,236.73958110809326,0.4520393811533052,0.06570241744772587,0.07920133258125928
188,r188__A5_D5__split_strict_non_iid__opt_adamw__attr_race_bin__seed_42,attack_defense,A5_D5,A5,D5,strict_non_iid,adamw,race_bin,42,completed,30,229.57090544700623,0.5049226441631505,0.013952230914145103,0.024137597835539704
189,r189__A5_D5__split_strict_non_iid__opt_fedprox__attr_race_bin__seed_42,attack_defense,A5_D5,A5,D5,strict_non_iid,fedprox,race_bin,42,completed,30,280.77548027038574,0.45232067510548524,0.06892673455618747,0.08423964135467343
